{
  "version": "36.0.0",
  "files": {
    "f5a9ca944bbecbbccec13fd7bdb87ba333115f0f2c9cac4dc64c9f28232f0775": {
      "source": {
        "path": "CdkWebsiteStack.template.json",
        "packaging": "file"
      },
      "destinations": {
        "current_account-current_region": {
          "bucketName": "cdk-hnb659fds-assets-${AWS::AccountId}-${AWS::Region}",
          "objectKey": "f5a9ca944bbecbbccec13fd7bdb87ba333115f0f2c9cac4dc64c9f28232f0775.json",
          "assumeRoleArn": "arn:${AWS::Partition}:iam::${AWS::AccountId}:role/cdk-hnb659fds-file-publishing-role-${AWS::AccountId}-${AWS::Region}"
        }
      }
    }
  },
  "dockerImages": {}
}