{
  "version": "36.0.0",
  "files": {
    "dd5711540f04e06aa955d7f4862fc04e8cdea464cb590dae91ed2976bb78098e": {
      "source": {
        "path": "asset.dd5711540f04e06aa955d7f4862fc04e8cdea464cb590dae91ed2976bb78098e",
        "packaging": "zip"
      },
      "destinations": {
        "current_account-current_region": {
          "bucketName": "cdk-hnb659fds-assets-${AWS::AccountId}-${AWS::Region}",
          "objectKey": "dd5711540f04e06aa955d7f4862fc04e8cdea464cb590dae91ed2976bb78098e.zip",
          "assumeRoleArn": "arn:${AWS::Partition}:iam::${AWS::AccountId}:role/cdk-hnb659fds-file-publishing-role-${AWS::AccountId}-${AWS::Region}"
        }
      }
    },
    "18cb0c04ca355666684ab9b95e7e272127dcc88e37c246ac03a88fb157138187": {
      "source": {
        "path": "NetworkStack.template.json",
        "packaging": "file"
      },
      "destinations": {
        "current_account-current_region": {
          "bucketName": "cdk-hnb659fds-assets-${AWS::AccountId}-${AWS::Region}",
          "objectKey": "18cb0c04ca355666684ab9b95e7e272127dcc88e37c246ac03a88fb157138187.json",
          "assumeRoleArn": "arn:${AWS::Partition}:iam::${AWS::AccountId}:role/cdk-hnb659fds-file-publishing-role-${AWS::AccountId}-${AWS::Region}"
        }
      }
    }
  },
  "dockerImages": {}
}