{
  "version": "36.0.0",
  "files": {
    "2ba1e1ef8ec33901513106e6fec415e7c40e9358e558a7cb70288dda0b880d51": {
      "source": {
        "path": "ServerStack.template.json",
        "packaging": "file"
      },
      "destinations": {
        "current_account-current_region": {
          "bucketName": "cdk-hnb659fds-assets-${AWS::AccountId}-${AWS::Region}",
          "objectKey": "2ba1e1ef8ec33901513106e6fec415e7c40e9358e558a7cb70288dda0b880d51.json",
          "assumeRoleArn": "arn:${AWS::Partition}:iam::${AWS::AccountId}:role/cdk-hnb659fds-file-publishing-role-${AWS::AccountId}-${AWS::Region}"
        }
      }
    }
  },
  "dockerImages": {}
}