{
  "version": "tree-0.1",
  "tree": {
    "id": "App",
    "path": "",
    "children": {
      "NetworkStack": {
        "id": "NetworkStack",
        "path": "NetworkStack",
        "children": {
          "VPC": {
            "id": "VPC",
            "path": "NetworkStack/VPC",
            "children": {
              "Resource": {
                "id": "Resource",
                "path": "NetworkStack/VPC/Resource",
                "attributes": {
                  "aws:cdk:cloudformation:type": "AWS::EC2::VPC",
                  "aws:cdk:cloudformation:props": {
                    "cidrBlock": "10.0.0.0/16",
                    "enableDnsHostnames": true,
                    "enableDnsSupport": true,
                    "instanceTenancy": "default",
                    "tags": [
                      {
                        "key": "Name",
                        "value": "NetworkStack/VPC"
                      }
                    ]
                  }
                },
                "constructInfo": {
                  "fqn": "aws-cdk-lib.aws_ec2.CfnVPC",
                  "version": "2.130.0"
                }
              },
              "PublicSubnetSubnet1": {
                "id": "PublicSubnetSubnet1",
                "path": "NetworkStack/VPC/PublicSubnetSubnet1",
                "children": {
                  "Subnet": {
                    "id": "Subnet",
                    "path": "NetworkStack/VPC/PublicSubnetSubnet1/Subnet",
                    "attributes": {
                      "aws:cdk:cloudformation:type": "AWS::EC2::Subnet",
                      "aws:cdk:cloudformation:props": {
                        "availabilityZone": {
                          "Fn::Select": [
                            0,
                            {
                              "Fn::GetAZs": ""
                            }
                          ]
                        },
                        "cidrBlock": "10.0.0.0/24",
                        "mapPublicIpOnLaunch": true,
                        "tags": [
                          {
                            "key": "aws-cdk:subnet-name",
                            "value": "PublicSubnet"
                          },
                          {
                            "key": "aws-cdk:subnet-type",
                            "value": "Public"
                          },
                          {
                            "key": "Name",
                            "value": "NetworkStack/VPC/PublicSubnetSubnet1"
                          }
                        ],
                        "vpcId": {
                          "Ref": "VPCB9E5F0B4"
                        }
                      }
                    },
                    "constructInfo": {
                      "fqn": "aws-cdk-lib.aws_ec2.CfnSubnet",
                      "version": "2.130.0"
                    }
                  },
                  "Acl": {
                    "id": "Acl",
                    "path": "NetworkStack/VPC/PublicSubnetSubnet1/Acl",
                    "constructInfo": {
                      "fqn": "aws-cdk-lib.Resource",
                      "version": "2.130.0"
                    }
                  },
                  "RouteTable": {
                    "id": "RouteTable",
                    "path": "NetworkStack/VPC/PublicSubnetSubnet1/RouteTable",
                    "attributes": {
                      "aws:cdk:cloudformation:type": "AWS::EC2::RouteTable",
                      "aws:cdk:cloudformation:props": {
                        "tags": [
                          {
                            "key": "Name",
                            "value": "NetworkStack/VPC/PublicSubnetSubnet1"
                          }
                        ],
                        "vpcId": {
                          "Ref": "VPCB9E5F0B4"
                        }
                      }
                    },
                    "constructInfo": {
                      "fqn": "aws-cdk-lib.aws_ec2.CfnRouteTable",
                      "version": "2.130.0"
                    }
                  },
                  "RouteTableAssociation": {
                    "id": "RouteTableAssociation",
                    "path": "NetworkStack/VPC/PublicSubnetSubnet1/RouteTableAssociation",
                    "attributes": {
                      "aws:cdk:cloudformation:type": "AWS::EC2::SubnetRouteTableAssociation",
                      "aws:cdk:cloudformation:props": {
                        "routeTableId": {
                          "Ref": "VPCPublicSubnetSubnet1RouteTable742C0EB0"
                        },
                        "subnetId": {
                          "Ref": "VPCPublicSubnetSubnet1SubnetB36A48AC"
                        }
                      }
                    },
                    "constructInfo": {
                      "fqn": "aws-cdk-lib.aws_ec2.CfnSubnetRouteTableAssociation",
                      "version": "2.130.0"
                    }
                  },
                  "DefaultRoute": {
                    "id": "DefaultRoute",
                    "path": "NetworkStack/VPC/PublicSubnetSubnet1/DefaultRoute",
                    "attributes": {
                      "aws:cdk:cloudformation:type": "AWS::EC2::Route",
                      "aws:cdk:cloudformation:props": {
                        "destinationCidrBlock": "0.0.0.0/0",
                        "gatewayId": {
                          "Ref": "VPCIGWB7E252D3"
                        },
                        "routeTableId": {
                          "Ref": "VPCPublicSubnetSubnet1RouteTable742C0EB0"
                        }
                      }
                    },
                    "constructInfo": {
                      "fqn": "aws-cdk-lib.aws_ec2.CfnRoute",
                      "version": "2.130.0"
                    }
                  }
                },
                "constructInfo": {
                  "fqn": "aws-cdk-lib.aws_ec2.PublicSubnet",
                  "version": "2.130.0"
                }
              },
              "PublicSubnetSubnet2": {
                "id": "PublicSubnetSubnet2",
                "path": "NetworkStack/VPC/PublicSubnetSubnet2",
                "children": {
                  "Subnet": {
                    "id": "Subnet",
                    "path": "NetworkStack/VPC/PublicSubnetSubnet2/Subnet",
                    "attributes": {
                      "aws:cdk:cloudformation:type": "AWS::EC2::Subnet",
                      "aws:cdk:cloudformation:props": {
                        "availabilityZone": {
                          "Fn::Select": [
                            1,
                            {
                              "Fn::GetAZs": ""
                            }
                          ]
                        },
                        "cidrBlock": "10.0.1.0/24",
                        "mapPublicIpOnLaunch": true,
                        "tags": [
                          {
                            "key": "aws-cdk:subnet-name",
                            "value": "PublicSubnet"
                          },
                          {
                            "key": "aws-cdk:subnet-type",
                            "value": "Public"
                          },
                          {
                            "key": "Name",
                            "value": "NetworkStack/VPC/PublicSubnetSubnet2"
                          }
                        ],
                        "vpcId": {
                          "Ref": "VPCB9E5F0B4"
                        }
                      }
                    },
                    "constructInfo": {
                      "fqn": "aws-cdk-lib.aws_ec2.CfnSubnet",
                      "version": "2.130.0"
                    }
                  },
                  "Acl": {
                    "id": "Acl",
                    "path": "NetworkStack/VPC/PublicSubnetSubnet2/Acl",
                    "constructInfo": {
                      "fqn": "aws-cdk-lib.Resource",
                      "version": "2.130.0"
                    }
                  },
                  "RouteTable": {
                    "id": "RouteTable",
                    "path": "NetworkStack/VPC/PublicSubnetSubnet2/RouteTable",
                    "attributes": {
                      "aws:cdk:cloudformation:type": "AWS::EC2::RouteTable",
                      "aws:cdk:cloudformation:props": {
                        "tags": [
                          {
                            "key": "Name",
                            "value": "NetworkStack/VPC/PublicSubnetSubnet2"
                          }
                        ],
                        "vpcId": {
                          "Ref": "VPCB9E5F0B4"
                        }
                      }
                    },
                    "constructInfo": {
                      "fqn": "aws-cdk-lib.aws_ec2.CfnRouteTable",
                      "version": "2.130.0"
                    }
                  },
                  "RouteTableAssociation": {
                    "id": "RouteTableAssociation",
                    "path": "NetworkStack/VPC/PublicSubnetSubnet2/RouteTableAssociation",
                    "attributes": {
                      "aws:cdk:cloudformation:type": "AWS::EC2::SubnetRouteTableAssociation",
                      "aws:cdk:cloudformation:props": {
                        "routeTableId": {
                          "Ref": "VPCPublicSubnetSubnet2RouteTable3179FB70"
                        },
                        "subnetId": {
                          "Ref": "VPCPublicSubnetSubnet2Subnet57DB39EA"
                        }
                      }
                    },
                    "constructInfo": {
                      "fqn": "aws-cdk-lib.aws_ec2.CfnSubnetRouteTableAssociation",
                      "version": "2.130.0"
                    }
                  },
                  "DefaultRoute": {
                    "id": "DefaultRoute",
                    "path": "NetworkStack/VPC/PublicSubnetSubnet2/DefaultRoute",
                    "attributes": {
                      "aws:cdk:cloudformation:type": "AWS::EC2::Route",
                      "aws:cdk:cloudformation:props": {
                        "destinationCidrBlock": "0.0.0.0/0",
                        "gatewayId": {
                          "Ref": "VPCIGWB7E252D3"
                        },
                        "routeTableId": {
                          "Ref": "VPCPublicSubnetSubnet2RouteTable3179FB70"
                        }
                      }
                    },
                    "constructInfo": {
                      "fqn": "aws-cdk-lib.aws_ec2.CfnRoute",
                      "version": "2.130.0"
                    }
                  }
                },
                "constructInfo": {
                  "fqn": "aws-cdk-lib.aws_ec2.PublicSubnet",
                  "version": "2.130.0"
                }
              },
              "PrivateSubnetSubnet1": {
                "id": "PrivateSubnetSubnet1",
                "path": "NetworkStack/VPC/PrivateSubnetSubnet1",
                "children": {
                  "Subnet": {
                    "id": "Subnet",
                    "path": "NetworkStack/VPC/PrivateSubnetSubnet1/Subnet",
                    "attributes": {
                      "aws:cdk:cloudformation:type": "AWS::EC2::Subnet",
                      "aws:cdk:cloudformation:props": {
                        "availabilityZone": {
                          "Fn::Select": [
                            0,
                            {
                              "Fn::GetAZs": ""
                            }
                          ]
                        },
                        "cidrBlock": "10.0.2.0/24",
                        "mapPublicIpOnLaunch": false,
                        "tags": [
                          {
                            "key": "aws-cdk:subnet-name",
                            "value": "PrivateSubnet"
                          },
                          {
                            "key": "aws-cdk:subnet-type",
                            "value": "Isolated"
                          },
                          {
                            "key": "Name",
                            "value": "NetworkStack/VPC/PrivateSubnetSubnet1"
                          }
                        ],
                        "vpcId": {
                          "Ref": "VPCB9E5F0B4"
                        }
                      }
                    },
                    "constructInfo": {
                      "fqn": "aws-cdk-lib.aws_ec2.CfnSubnet",
                      "version": "2.130.0"
                    }
                  },
                  "Acl": {
                    "id": "Acl",
                    "path": "NetworkStack/VPC/PrivateSubnetSubnet1/Acl",
                    "constructInfo": {
                      "fqn": "aws-cdk-lib.Resource",
                      "version": "2.130.0"
                    }
                  },
                  "RouteTable": {
                    "id": "RouteTable",
                    "path": "NetworkStack/VPC/PrivateSubnetSubnet1/RouteTable",
                    "attributes": {
                      "aws:cdk:cloudformation:type": "AWS::EC2::RouteTable",
                      "aws:cdk:cloudformation:props": {
                        "tags": [
                          {
                            "key": "Name",
                            "value": "NetworkStack/VPC/PrivateSubnetSubnet1"
                          }
                        ],
                        "vpcId": {
                          "Ref": "VPCB9E5F0B4"
                        }
                      }
                    },
                    "constructInfo": {
                      "fqn": "aws-cdk-lib.aws_ec2.CfnRouteTable",
                      "version": "2.130.0"
                    }
                  },
                  "RouteTableAssociation": {
                    "id": "RouteTableAssociation",
                    "path": "NetworkStack/VPC/PrivateSubnetSubnet1/RouteTableAssociation",
                    "attributes": {
                      "aws:cdk:cloudformation:type": "AWS::EC2::SubnetRouteTableAssociation",
                      "aws:cdk:cloudformation:props": {
                        "routeTableId": {
                          "Ref": "VPCPrivateSubnetSubnet1RouteTable0611BCC8"
                        },
                        "subnetId": {
                          "Ref": "VPCPrivateSubnetSubnet1Subnet69449E4E"
                        }
                      }
                    },
                    "constructInfo": {
                      "fqn": "aws-cdk-lib.aws_ec2.CfnSubnetRouteTableAssociation",
                      "version": "2.130.0"
                    }
                  }
                },
                "constructInfo": {
                  "fqn": "aws-cdk-lib.aws_ec2.PrivateSubnet",
                  "version": "2.130.0"
                }
              },
              "PrivateSubnetSubnet2": {
                "id": "PrivateSubnetSubnet2",
                "path": "NetworkStack/VPC/PrivateSubnetSubnet2",
                "children": {
                  "Subnet": {
                    "id": "Subnet",
                    "path": "NetworkStack/VPC/PrivateSubnetSubnet2/Subnet",
                    "attributes": {
                      "aws:cdk:cloudformation:type": "AWS::EC2::Subnet",
                      "aws:cdk:cloudformation:props": {
                        "availabilityZone": {
                          "Fn::Select": [
                            1,
                            {
                              "Fn::GetAZs": ""
                            }
                          ]
                        },
                        "cidrBlock": "10.0.3.0/24",
                        "mapPublicIpOnLaunch": false,
                        "tags": [
                          {
                            "key": "aws-cdk:subnet-name",
                            "value": "PrivateSubnet"
                          },
                          {
                            "key": "aws-cdk:subnet-type",
                            "value": "Isolated"
                          },
                          {
                            "key": "Name",
                            "value": "NetworkStack/VPC/PrivateSubnetSubnet2"
                          }
                        ],
                        "vpcId": {
                          "Ref": "VPCB9E5F0B4"
                        }
                      }
                    },
                    "constructInfo": {
                      "fqn": "aws-cdk-lib.aws_ec2.CfnSubnet",
                      "version": "2.130.0"
                    }
                  },
                  "Acl": {
                    "id": "Acl",
                    "path": "NetworkStack/VPC/PrivateSubnetSubnet2/Acl",
                    "constructInfo": {
                      "fqn": "aws-cdk-lib.Resource",
                      "version": "2.130.0"
                    }
                  },
                  "RouteTable": {
                    "id": "RouteTable",
                    "path": "NetworkStack/VPC/PrivateSubnetSubnet2/RouteTable",
                    "attributes": {
                      "aws:cdk:cloudformation:type": "AWS::EC2::RouteTable",
                      "aws:cdk:cloudformation:props": {
                        "tags": [
                          {
                            "key": "Name",
                            "value": "NetworkStack/VPC/PrivateSubnetSubnet2"
                          }
                        ],
                        "vpcId": {
                          "Ref": "VPCB9E5F0B4"
                        }
                      }
                    },
                    "constructInfo": {
                      "fqn": "aws-cdk-lib.aws_ec2.CfnRouteTable",
                      "version": "2.130.0"
                    }
                  },
                  "RouteTableAssociation": {
                    "id": "RouteTableAssociation",
                    "path": "NetworkStack/VPC/PrivateSubnetSubnet2/RouteTableAssociation",
                    "attributes": {
                      "aws:cdk:cloudformation:type": "AWS::EC2::SubnetRouteTableAssociation",
                      "aws:cdk:cloudformation:props": {
                        "routeTableId": {
                          "Ref": "VPCPrivateSubnetSubnet2RouteTableDC3C7C6A"
                        },
                        "subnetId": {
                          "Ref": "VPCPrivateSubnetSubnet2SubnetA72DC906"
                        }
                      }
                    },
                    "constructInfo": {
                      "fqn": "aws-cdk-lib.aws_ec2.CfnSubnetRouteTableAssociation",
                      "version": "2.130.0"
                    }
                  }
                },
                "constructInfo": {
                  "fqn": "aws-cdk-lib.aws_ec2.PrivateSubnet",
                  "version": "2.130.0"
                }
              },
              "IGW": {
                "id": "IGW",
                "path": "NetworkStack/VPC/IGW",
                "attributes": {
                  "aws:cdk:cloudformation:type": "AWS::EC2::InternetGateway",
                  "aws:cdk:cloudformation:props": {
                    "tags": [
                      {
                        "key": "Name",
                        "value": "NetworkStack/VPC"
                      }
                    ]
                  }
                },
                "constructInfo": {
                  "fqn": "aws-cdk-lib.aws_ec2.CfnInternetGateway",
                  "version": "2.130.0"
                }
              },
              "VPCGW": {
                "id": "VPCGW",
                "path": "NetworkStack/VPC/VPCGW",
                "attributes": {
                  "aws:cdk:cloudformation:type": "AWS::EC2::VPCGatewayAttachment",
                  "aws:cdk:cloudformation:props": {
                    "internetGatewayId": {
                      "Ref": "VPCIGWB7E252D3"
                    },
                    "vpcId": {
                      "Ref": "VPCB9E5F0B4"
                    }
                  }
                },
                "constructInfo": {
                  "fqn": "aws-cdk-lib.aws_ec2.CfnVPCGatewayAttachment",
                  "version": "2.130.0"
                }
              },
              "RestrictDefaultSecurityGroupCustomResource": {
                "id": "RestrictDefaultSecurityGroupCustomResource",
                "path": "NetworkStack/VPC/RestrictDefaultSecurityGroupCustomResource",
                "children": {
                  "Default": {
                    "id": "Default",
                    "path": "NetworkStack/VPC/RestrictDefaultSecurityGroupCustomResource/Default",
                    "constructInfo": {
                      "fqn": "aws-cdk-lib.CfnResource",
                      "version": "2.130.0"
                    }
                  }
                },
                "constructInfo": {
                  "fqn": "aws-cdk-lib.CustomResource",
                  "version": "2.130.0"
                }
              }
            },
            "constructInfo": {
              "fqn": "aws-cdk-lib.aws_ec2.Vpc",
              "version": "2.130.0"
            }
          },
          "Custom::VpcRestrictDefaultSGCustomResourceProvider": {
            "id": "Custom::VpcRestrictDefaultSGCustomResourceProvider",
            "path": "NetworkStack/Custom::VpcRestrictDefaultSGCustomResourceProvider",
            "children": {
              "Staging": {
                "id": "Staging",
                "path": "NetworkStack/Custom::VpcRestrictDefaultSGCustomResourceProvider/Staging",
                "constructInfo": {
                  "fqn": "aws-cdk-lib.AssetStaging",
                  "version": "2.130.0"
                }
              },
              "Role": {
                "id": "Role",
                "path": "NetworkStack/Custom::VpcRestrictDefaultSGCustomResourceProvider/Role",
                "constructInfo": {
                  "fqn": "aws-cdk-lib.CfnResource",
                  "version": "2.130.0"
                }
              },
              "Handler": {
                "id": "Handler",
                "path": "NetworkStack/Custom::VpcRestrictDefaultSGCustomResourceProvider/Handler",
                "constructInfo": {
                  "fqn": "aws-cdk-lib.CfnResource",
                  "version": "2.130.0"
                }
              }
            },
            "constructInfo": {
              "fqn": "aws-cdk-lib.CustomResourceProviderBase",
              "version": "2.130.0"
            }
          },
          "CDKMetadata": {
            "id": "CDKMetadata",
            "path": "NetworkStack/CDKMetadata",
            "children": {
              "Default": {
                "id": "Default",
                "path": "NetworkStack/CDKMetadata/Default",
                "constructInfo": {
                  "fqn": "aws-cdk-lib.CfnResource",
                  "version": "2.130.0"
                }
              },
              "Condition": {
                "id": "Condition",
                "path": "NetworkStack/CDKMetadata/Condition",
                "constructInfo": {
                  "fqn": "aws-cdk-lib.CfnCondition",
                  "version": "2.130.0"
                }
              }
            },
            "constructInfo": {
              "fqn": "constructs.Construct",
              "version": "10.3.0"
            }
          },
          "Exports": {
            "id": "Exports",
            "path": "NetworkStack/Exports",
            "children": {
              "Output{\"Ref\":\"VPCB9E5F0B4\"}": {
                "id": "Output{\"Ref\":\"VPCB9E5F0B4\"}",
                "path": "NetworkStack/Exports/Output{\"Ref\":\"VPCB9E5F0B4\"}",
                "constructInfo": {
                  "fqn": "aws-cdk-lib.CfnOutput",
                  "version": "2.130.0"
                }
              },
              "Output{\"Ref\":\"VPCPublicSubnetSubnet1SubnetB36A48AC\"}": {
                "id": "Output{\"Ref\":\"VPCPublicSubnetSubnet1SubnetB36A48AC\"}",
                "path": "NetworkStack/Exports/Output{\"Ref\":\"VPCPublicSubnetSubnet1SubnetB36A48AC\"}",
                "constructInfo": {
                  "fqn": "aws-cdk-lib.CfnOutput",
                  "version": "2.130.0"
                }
              },
              "Output{\"Ref\":\"VPCPublicSubnetSubnet2Subnet57DB39EA\"}": {
                "id": "Output{\"Ref\":\"VPCPublicSubnetSubnet2Subnet57DB39EA\"}",
                "path": "NetworkStack/Exports/Output{\"Ref\":\"VPCPublicSubnetSubnet2Subnet57DB39EA\"}",
                "constructInfo": {
                  "fqn": "aws-cdk-lib.CfnOutput",
                  "version": "2.130.0"
                }
              },
              "Output{\"Ref\":\"VPCPrivateSubnetSubnet1Subnet69449E4E\"}": {
                "id": "Output{\"Ref\":\"VPCPrivateSubnetSubnet1Subnet69449E4E\"}",
                "path": "NetworkStack/Exports/Output{\"Ref\":\"VPCPrivateSubnetSubnet1Subnet69449E4E\"}",
                "constructInfo": {
                  "fqn": "aws-cdk-lib.CfnOutput",
                  "version": "2.130.0"
                }
              },
              "Output{\"Ref\":\"VPCPrivateSubnetSubnet2SubnetA72DC906\"}": {
                "id": "Output{\"Ref\":\"VPCPrivateSubnetSubnet2SubnetA72DC906\"}",
                "path": "NetworkStack/Exports/Output{\"Ref\":\"VPCPrivateSubnetSubnet2SubnetA72DC906\"}",
                "constructInfo": {
                  "fqn": "aws-cdk-lib.CfnOutput",
                  "version": "2.130.0"
                }
              }
            },
            "constructInfo": {
              "fqn": "constructs.Construct",
              "version": "10.3.0"
            }
          },
          "BootstrapVersion": {
            "id": "BootstrapVersion",
            "path": "NetworkStack/BootstrapVersion",
            "constructInfo": {
              "fqn": "aws-cdk-lib.CfnParameter",
              "version": "2.130.0"
            }
          },
          "CheckBootstrapVersion": {
            "id": "CheckBootstrapVersion",
            "path": "NetworkStack/CheckBootstrapVersion",
            "constructInfo": {
              "fqn": "aws-cdk-lib.CfnRule",
              "version": "2.130.0"
            }
          }
        },
        "constructInfo": {
          "fqn": "aws-cdk-lib.Stack",
          "version": "2.130.0"
        }
      },
      "ServerStack": {
        "id": "ServerStack",
        "path": "ServerStack",
        "children": {
          "WebServerSG": {
            "id": "WebServerSG",
            "path": "ServerStack/WebServerSG",
            "children": {
              "Resource": {
                "id": "Resource",
                "path": "ServerStack/WebServerSG/Resource",
                "attributes": {
                  "aws:cdk:cloudformation:type": "AWS::EC2::SecurityGroup",
                  "aws:cdk:cloudformation:props": {
                    "groupDescription": "Allow port 80",
                    "securityGroupEgress": [
                      {
                        "cidrIp": "0.0.0.0/0",
                        "description": "Allow all outbound traffic by default",
                        "ipProtocol": "-1"
                      }
                    ],
                    "securityGroupIngress": [
                      {
                        "cidrIp": "0.0.0.0/0",
                        "ipProtocol": "tcp",
                        "fromPort": 80,
                        "toPort": 80,
                        "description": "Allow HTTP traffic"
                      }
                    ],
                    "vpcId": {
                      "Fn::ImportValue": "NetworkStack:ExportsOutputRefVPCB9E5F0B4BD23A326"
                    }
                  }
                },
                "constructInfo": {
                  "fqn": "aws-cdk-lib.aws_ec2.CfnSecurityGroup",
                  "version": "2.130.0"
                }
              }
            },
            "constructInfo": {
              "fqn": "aws-cdk-lib.aws_ec2.SecurityGroup",
              "version": "2.130.0"
            }
          },
          "WebServerPublicSubnetSubnet1": {
            "id": "WebServerPublicSubnetSubnet1",
            "path": "ServerStack/WebServerPublicSubnetSubnet1",
            "children": {
              "InstanceRole": {
                "id": "InstanceRole",
                "path": "ServerStack/WebServerPublicSubnetSubnet1/InstanceRole",
                "children": {
                  "ImportInstanceRole": {
                    "id": "ImportInstanceRole",
                    "path": "ServerStack/WebServerPublicSubnetSubnet1/InstanceRole/ImportInstanceRole",
                    "constructInfo": {
                      "fqn": "aws-cdk-lib.Resource",
                      "version": "2.130.0"
                    }
                  },
                  "Resource": {
                    "id": "Resource",
                    "path": "ServerStack/WebServerPublicSubnetSubnet1/InstanceRole/Resource",
                    "attributes": {
                      "aws:cdk:cloudformation:type": "AWS::IAM::Role",
                      "aws:cdk:cloudformation:props": {
                        "assumeRolePolicyDocument": {
                          "Statement": [
                            {
                              "Action": "sts:AssumeRole",
                              "Effect": "Allow",
                              "Principal": {
                                "Service": "ec2.amazonaws.com"
                              }
                            }
                          ],
                          "Version": "2012-10-17"
                        },
                        "tags": [
                          {
                            "key": "Name",
                            "value": "ServerStack/WebServerPublicSubnetSubnet1"
                          }
                        ]
                      }
                    },
                    "constructInfo": {
                      "fqn": "aws-cdk-lib.aws_iam.CfnRole",
                      "version": "2.130.0"
                    }
                  }
                },
                "constructInfo": {
                  "fqn": "aws-cdk-lib.aws_iam.Role",
                  "version": "2.130.0"
                }
              },
              "InstanceProfile": {
                "id": "InstanceProfile",
                "path": "ServerStack/WebServerPublicSubnetSubnet1/InstanceProfile",
                "attributes": {
                  "aws:cdk:cloudformation:type": "AWS::IAM::InstanceProfile",
                  "aws:cdk:cloudformation:props": {
                    "roles": [
                      {
                        "Ref": "WebServerPublicSubnetSubnet1InstanceRole02AB585D"
                      }
                    ]
                  }
                },
                "constructInfo": {
                  "fqn": "aws-cdk-lib.aws_iam.CfnInstanceProfile",
                  "version": "2.130.0"
                }
              },
              "Resource": {
                "id": "Resource",
                "path": "ServerStack/WebServerPublicSubnetSubnet1/Resource",
                "attributes": {
                  "aws:cdk:cloudformation:type": "AWS::EC2::Instance",
                  "aws:cdk:cloudformation:props": {
                    "availabilityZone": {
                      "Fn::Select": [
                        0,
                        {
                          "Fn::GetAZs": ""
                        }
                      ]
                    },
                    "iamInstanceProfile": {
                      "Ref": "WebServerPublicSubnetSubnet1InstanceProfile1917C95C"
                    },
                    "imageId": {
                      "Ref": "SsmParameterValueawsserviceamiamazonlinuxlatestamznamihvmx8664gp2C96584B6F00A464EAD1953AFF4B05118Parameter"
                    },
                    "instanceType": "t3.micro",
                    "securityGroupIds": [
                      {
                        "Fn::GetAtt": [
                          "WebServerSG4D0F372C",
                          "GroupId"
                        ]
                      }
                    ],
                    "subnetId": {
                      "Fn::ImportValue": "NetworkStack:ExportsOutputRefVPCPublicSubnetSubnet1SubnetB36A48ACBF80D428"
                    },
                    "tags": [
                      {
                        "key": "Name",
                        "value": "ServerStack/WebServerPublicSubnetSubnet1"
                      }
                    ],
                    "userData": {
                      "Fn::Base64": "#!/bin/bash"
                    }
                  }
                },
                "constructInfo": {
                  "fqn": "aws-cdk-lib.aws_ec2.CfnInstance",
                  "version": "2.130.0"
                }
              }
            },
            "constructInfo": {
              "fqn": "aws-cdk-lib.aws_ec2.Instance",
              "version": "2.130.0"
            }
          },
          "SsmParameterValue:--aws--service--ami-amazon-linux-latest--amzn-ami-hvm-x86_64-gp2:C96584B6-F00A-464E-AD19-53AFF4B05118.Parameter": {
            "id": "SsmParameterValue:--aws--service--ami-amazon-linux-latest--amzn-ami-hvm-x86_64-gp2:C96584B6-F00A-464E-AD19-53AFF4B05118.Parameter",
            "path": "ServerStack/SsmParameterValue:--aws--service--ami-amazon-linux-latest--amzn-ami-hvm-x86_64-gp2:C96584B6-F00A-464E-AD19-53AFF4B05118.Parameter",
            "constructInfo": {
              "fqn": "aws-cdk-lib.CfnParameter",
              "version": "2.130.0"
            }
          },
          "SsmParameterValue:--aws--service--ami-amazon-linux-latest--amzn-ami-hvm-x86_64-gp2:C96584B6-F00A-464E-AD19-53AFF4B05118": {
            "id": "SsmParameterValue:--aws--service--ami-amazon-linux-latest--amzn-ami-hvm-x86_64-gp2:C96584B6-F00A-464E-AD19-53AFF4B05118",
            "path": "ServerStack/SsmParameterValue:--aws--service--ami-amazon-linux-latest--amzn-ami-hvm-x86_64-gp2:C96584B6-F00A-464E-AD19-53AFF4B05118",
            "constructInfo": {
              "fqn": "aws-cdk-lib.Resource",
              "version": "2.130.0"
            }
          },
          "WebServerPublicSubnetSubnet2": {
            "id": "WebServerPublicSubnetSubnet2",
            "path": "ServerStack/WebServerPublicSubnetSubnet2",
            "children": {
              "InstanceRole": {
                "id": "InstanceRole",
                "path": "ServerStack/WebServerPublicSubnetSubnet2/InstanceRole",
                "children": {
                  "ImportInstanceRole": {
                    "id": "ImportInstanceRole",
                    "path": "ServerStack/WebServerPublicSubnetSubnet2/InstanceRole/ImportInstanceRole",
                    "constructInfo": {
                      "fqn": "aws-cdk-lib.Resource",
                      "version": "2.130.0"
                    }
                  },
                  "Resource": {
                    "id": "Resource",
                    "path": "ServerStack/WebServerPublicSubnetSubnet2/InstanceRole/Resource",
                    "attributes": {
                      "aws:cdk:cloudformation:type": "AWS::IAM::Role",
                      "aws:cdk:cloudformation:props": {
                        "assumeRolePolicyDocument": {
                          "Statement": [
                            {
                              "Action": "sts:AssumeRole",
                              "Effect": "Allow",
                              "Principal": {
                                "Service": "ec2.amazonaws.com"
                              }
                            }
                          ],
                          "Version": "2012-10-17"
                        },
                        "tags": [
                          {
                            "key": "Name",
                            "value": "ServerStack/WebServerPublicSubnetSubnet2"
                          }
                        ]
                      }
                    },
                    "constructInfo": {
                      "fqn": "aws-cdk-lib.aws_iam.CfnRole",
                      "version": "2.130.0"
                    }
                  }
                },
                "constructInfo": {
                  "fqn": "aws-cdk-lib.aws_iam.Role",
                  "version": "2.130.0"
                }
              },
              "InstanceProfile": {
                "id": "InstanceProfile",
                "path": "ServerStack/WebServerPublicSubnetSubnet2/InstanceProfile",
                "attributes": {
                  "aws:cdk:cloudformation:type": "AWS::IAM::InstanceProfile",
                  "aws:cdk:cloudformation:props": {
                    "roles": [
                      {
                        "Ref": "WebServerPublicSubnetSubnet2InstanceRole54BC2ED9"
                      }
                    ]
                  }
                },
                "constructInfo": {
                  "fqn": "aws-cdk-lib.aws_iam.CfnInstanceProfile",
                  "version": "2.130.0"
                }
              },
              "Resource": {
                "id": "Resource",
                "path": "ServerStack/WebServerPublicSubnetSubnet2/Resource",
                "attributes": {
                  "aws:cdk:cloudformation:type": "AWS::EC2::Instance",
                  "aws:cdk:cloudformation:props": {
                    "availabilityZone": {
                      "Fn::Select": [
                        1,
                        {
                          "Fn::GetAZs": ""
                        }
                      ]
                    },
                    "iamInstanceProfile": {
                      "Ref": "WebServerPublicSubnetSubnet2InstanceProfileEDF2876D"
                    },
                    "imageId": {
                      "Ref": "SsmParameterValueawsserviceamiamazonlinuxlatestamznamihvmx8664gp2C96584B6F00A464EAD1953AFF4B05118Parameter"
                    },
                    "instanceType": "t3.micro",
                    "securityGroupIds": [
                      {
                        "Fn::GetAtt": [
                          "WebServerSG4D0F372C",
                          "GroupId"
                        ]
                      }
                    ],
                    "subnetId": {
                      "Fn::ImportValue": "NetworkStack:ExportsOutputRefVPCPublicSubnetSubnet2Subnet57DB39EA545C68B3"
                    },
                    "tags": [
                      {
                        "key": "Name",
                        "value": "ServerStack/WebServerPublicSubnetSubnet2"
                      }
                    ],
                    "userData": {
                      "Fn::Base64": "#!/bin/bash"
                    }
                  }
                },
                "constructInfo": {
                  "fqn": "aws-cdk-lib.aws_ec2.CfnInstance",
                  "version": "2.130.0"
                }
              }
            },
            "constructInfo": {
              "fqn": "aws-cdk-lib.aws_ec2.Instance",
              "version": "2.130.0"
            }
          },
          "RDSSG": {
            "id": "RDSSG",
            "path": "ServerStack/RDSSG",
            "children": {
              "Resource": {
                "id": "Resource",
                "path": "ServerStack/RDSSG/Resource",
                "attributes": {
                  "aws:cdk:cloudformation:type": "AWS::EC2::SecurityGroup",
                  "aws:cdk:cloudformation:props": {
                    "groupDescription": "Allow MySQL access",
                    "securityGroupEgress": [
                      {
                        "cidrIp": "0.0.0.0/0",
                        "description": "Allow all outbound traffic by default",
                        "ipProtocol": "-1"
                      }
                    ],
                    "vpcId": {
                      "Fn::ImportValue": "NetworkStack:ExportsOutputRefVPCB9E5F0B4BD23A326"
                    }
                  }
                },
                "constructInfo": {
                  "fqn": "aws-cdk-lib.aws_ec2.CfnSecurityGroup",
                  "version": "2.130.0"
                }
              },
              "from ServerStackWebServerSG57D539EA:3306": {
                "id": "from ServerStackWebServerSG57D539EA:3306",
                "path": "ServerStack/RDSSG/from ServerStackWebServerSG57D539EA:3306",
                "attributes": {
                  "aws:cdk:cloudformation:type": "AWS::EC2::SecurityGroupIngress",
                  "aws:cdk:cloudformation:props": {
                    "description": "Allow MySQL from web servers",
                    "fromPort": 3306,
                    "groupId": {
                      "Fn::GetAtt": [
                        "RDSSGDCA0486D",
                        "GroupId"
                      ]
                    },
                    "ipProtocol": "tcp",
                    "sourceSecurityGroupId": {
                      "Fn::GetAtt": [
                        "WebServerSG4D0F372C",
                        "GroupId"
                      ]
                    },
                    "toPort": 3306
                  }
                },
                "constructInfo": {
                  "fqn": "aws-cdk-lib.aws_ec2.CfnSecurityGroupIngress",
                  "version": "2.130.0"
                }
              }
            },
            "constructInfo": {
              "fqn": "aws-cdk-lib.aws_ec2.SecurityGroup",
              "version": "2.130.0"
            }
          },
          "RDSInstance": {
            "id": "RDSInstance",
            "path": "ServerStack/RDSInstance",
            "children": {
              "SubnetGroup": {
                "id": "SubnetGroup",
                "path": "ServerStack/RDSInstance/SubnetGroup",
                "children": {
                  "Default": {
                    "id": "Default",
                    "path": "ServerStack/RDSInstance/SubnetGroup/Default",
                    "attributes": {
                      "aws:cdk:cloudformation:type": "AWS::RDS::DBSubnetGroup",
                      "aws:cdk:cloudformation:props": {
                        "dbSubnetGroupDescription": "Subnet group for RDSInstance database",
                        "subnetIds": [
                          {
                            "Fn::ImportValue": "NetworkStack:ExportsOutputRefVPCPrivateSubnetSubnet1Subnet69449E4E31D58FCF"
                          },
                          {
                            "Fn::ImportValue": "NetworkStack:ExportsOutputRefVPCPrivateSubnetSubnet2SubnetA72DC9065AAC46C9"
                          }
                        ]
                      }
                    },
                    "constructInfo": {
                      "fqn": "aws-cdk-lib.aws_rds.CfnDBSubnetGroup",
                      "version": "2.130.0"
                    }
                  }
                },
                "constructInfo": {
                  "fqn": "aws-cdk-lib.aws_rds.SubnetGroup",
                  "version": "2.130.0"
                }
              },
              "Secret": {
                "id": "Secret",
                "path": "ServerStack/RDSInstance/Secret",
                "children": {
                  "Resource": {
                    "id": "Resource",
                    "path": "ServerStack/RDSInstance/Secret/Resource",
                    "attributes": {
                      "aws:cdk:cloudformation:type": "AWS::SecretsManager::Secret",
                      "aws:cdk:cloudformation:props": {
                        "description": {
                          "Fn::Join": [
                            "",
                            [
                              "Generated by the CDK for stack: ",
                              {
                                "Ref": "AWS::StackName"
                              }
                            ]
                          ]
                        },
                        "generateSecretString": {
                          "passwordLength": 30,
                          "secretStringTemplate": "{\"username\":\"admin\"}",
                          "generateStringKey": "password",
                          "excludeCharacters": " %+~`#$&*()|[]{}:;<>?!'/@\"\\"
                        }
                      }
                    },
                    "constructInfo": {
                      "fqn": "aws-cdk-lib.aws_secretsmanager.CfnSecret",
                      "version": "2.130.0"
                    }
                  },
                  "Attachment": {
                    "id": "Attachment",
                    "path": "ServerStack/RDSInstance/Secret/Attachment",
                    "children": {
                      "Resource": {
                        "id": "Resource",
                        "path": "ServerStack/RDSInstance/Secret/Attachment/Resource",
                        "attributes": {
                          "aws:cdk:cloudformation:type": "AWS::SecretsManager::SecretTargetAttachment",
                          "aws:cdk:cloudformation:props": {
                            "secretId": {
                              "Ref": "RDSInstanceSecret756354E1"
                            },
                            "targetId": {
                              "Ref": "RDSInstance9F6B765A"
                            },
                            "targetType": "AWS::RDS::DBInstance"
                          }
                        },
                        "constructInfo": {
                          "fqn": "aws-cdk-lib.aws_secretsmanager.CfnSecretTargetAttachment",
                          "version": "2.130.0"
                        }
                      }
                    },
                    "constructInfo": {
                      "fqn": "aws-cdk-lib.aws_secretsmanager.SecretTargetAttachment",
                      "version": "2.130.0"
                    }
                  }
                },
                "constructInfo": {
                  "fqn": "aws-cdk-lib.aws_rds.DatabaseSecret",
                  "version": "2.130.0"
                }
              },
              "Resource": {
                "id": "Resource",
                "path": "ServerStack/RDSInstance/Resource",
                "attributes": {
                  "aws:cdk:cloudformation:type": "AWS::RDS::DBInstance",
                  "aws:cdk:cloudformation:props": {
                    "allocatedStorage": "100",
                    "copyTagsToSnapshot": true,
                    "dbInstanceClass": "db.t3.micro",
                    "dbSubnetGroupName": {
                      "Ref": "RDSInstanceSubnetGroup84B66507"
                    },
                    "engine": "mysql",
                    "engineVersion": "8.0",
                    "masterUsername": {
                      "Fn::Join": [
                        "",
                        [
                          "{{resolve:secretsmanager:",
                          {
                            "Ref": "RDSInstanceSecret756354E1"
                          },
                          ":SecretString:username::}}"
                        ]
                      ]
                    },
                    "masterUserPassword": {
                      "Fn::Join": [
                        "",
                        [
                          "{{resolve:secretsmanager:",
                          {
                            "Ref": "RDSInstanceSecret756354E1"
                          },
                          ":SecretString:password::}}"
                        ]
                      ]
                    },
                    "publiclyAccessible": false,
                    "storageType": "gp2",
                    "vpcSecurityGroups": [
                      {
                        "Fn::GetAtt": [
                          "RDSSGDCA0486D",
                          "GroupId"
                        ]
                      }
                    ]
                  }
                },
                "constructInfo": {
                  "fqn": "aws-cdk-lib.aws_rds.CfnDBInstance",
                  "version": "2.130.0"
                }
              }
            },
            "constructInfo": {
              "fqn": "aws-cdk-lib.aws_rds.DatabaseInstance",
              "version": "2.130.0"
            }
          },
          "CDKMetadata": {
            "id": "CDKMetadata",
            "path": "ServerStack/CDKMetadata",
            "children": {
              "Default": {
                "id": "Default",
                "path": "ServerStack/CDKMetadata/Default",
                "constructInfo": {
                  "fqn": "aws-cdk-lib.CfnResource",
                  "version": "2.130.0"
                }
              },
              "Condition": {
                "id": "Condition",
                "path": "ServerStack/CDKMetadata/Condition",
                "constructInfo": {
                  "fqn": "aws-cdk-lib.CfnCondition",
                  "version": "2.130.0"
                }
              }
            },
            "constructInfo": {
              "fqn": "constructs.Construct",
              "version": "10.3.0"
            }
          },
          "BootstrapVersion": {
            "id": "BootstrapVersion",
            "path": "ServerStack/BootstrapVersion",
            "constructInfo": {
              "fqn": "aws-cdk-lib.CfnParameter",
              "version": "2.130.0"
            }
          },
          "CheckBootstrapVersion": {
            "id": "CheckBootstrapVersion",
            "path": "ServerStack/CheckBootstrapVersion",
            "constructInfo": {
              "fqn": "aws-cdk-lib.CfnRule",
              "version": "2.130.0"
            }
          }
        },
        "constructInfo": {
          "fqn": "aws-cdk-lib.Stack",
          "version": "2.130.0"
        }
      },
      "Tree": {
        "id": "Tree",
        "path": "Tree",
        "constructInfo": {
          "fqn": "constructs.Construct",
          "version": "10.3.0"
        }
      }
    },
    "constructInfo": {
      "fqn": "aws-cdk-lib.App",
      "version": "2.130.0"
    }
  }
}